Artist,Song Title,Genre,Lyrics,category
Onerepublic,Time,Rock,"Six on the second hand to New Year's resolutions
And there's just no question what this man should do
Take all the time lost, all the days that I cost
Take what I took and give it back to you

All this time we were waiting for each other
All this time I was waiting for you
We got all these words, can't waste them on another
So I'm straight in a straight line, running back to you

I don't know what day it is, I had to check the paper",2
Onerepublic,Your Love,Rock,"I'll be your light, your match, your burning sun
I'll be the bright in black that's making you run
And we'll feel alright, and we'll feel alright
'Cause we'll work it out, yeah, we'll work it out
I'll be doing this, if you have a doubt
'Til the love runs out, 'til the love runs out

I'll be your ghost, your game, your stadium
I'll be your 50 thousand clapping like one
And I feel alright, and I feel alright
'Cause I worked it out, yeah, I worked it out
I'll be doing this, if you have a doubt
'Til the love runs out, 'til the love runs out

I got my mind made up, man, I can't let go
I'm killing every second 'til it sees my soul
(Woo) I'll be running (woo), I'll be running
'Til the love runs out, 'til the love runs out
And we'll start a fire, and we'll shut it down",2
Maroon-5,Lost,Rock,"Had no connection, no faith or direction, no
Searching and searching for someone to save my soul (ooh)

(Ooh-ooh-ooh-ooh) I was swept up in a wave, swept up in a wave
(Ooh-ooh-ooh-ooh) then I heard you say my name
Yeah-yeah, yeah-yeah

Lost, I was lost, I was lost 'til you loved me
Now I'm found, now I'm found, now I'm found
Yeah, you took me to a place
It was safe, it was sound (sound, sound, sound)
Lost, I was lost, now I'm found

Lost, I was lost, I was lost 'til you loved me
Now I'm found, now I'm found, now I'm found
Yeah, you took me to a place
It was safe, it was sound (sound, sound, sound)
Lost, I was lost, now I'm found

I was so broken, my heart was an empty space (oh, oh, oh)",2
Maroon-5,Echo,Rock,"You lit the neon inside of my chest
There was no vacancy
I felt the flick of the light that you left
You left a space in me

Novocaine
Thought I couldn't feel no pain
But it still feels like, ooh, when I hear your name
I can't escape, tryin' but I can't escape (let me go)

I got this echo (echo, echo, echo, echo, echo, echo)
Where my heart used to be (be, be, be, be)
I got this echo (echo, echo, echo, echo, echo, echo)
Where my heart used to be, heart used to be, be

I got this echo (echo, echo, echo, echo, echo, echo)
Where my heart used to be (be, be, be, be)
I got this echo (echo, echo, echo, echo, echo, echo)
Where my heart used to be, heart used to be, be

You flipped a beat 'round inside of my chest",2
Maroon-5,Lovesick,Rock,"Lovesick
You know I can't fight it anymore
'Cause I love it
The way my heart drops to the floor

Baby, baby where'd you go
My starlight, my firefly
I've been searching high and low
Like all night, my whole life

For someone like you to really take my breath away
And I can't be lonely, no
You gon' be the death me

'Cause I'm lovesick
You know I can't fight it anymore
'Cause I love it",2
Maroon-5,Remedy,Rock,"Ooh, take it from the start
Just a little love will tear us apart
Ooh, take it from the start
Just a little love will tear us apart

Blame it on your mom and dad, live young, die fast
That's the remedy, that's the remedy for everything
Too much on my mind, another pill and I'll be fine, yeah
That's the remedy, that's the remedy for everything

Sometimes, I feel out of my mind, but I'm not
Feels more like I'm out of my body
Sometimes, I'm in my own way, but I'm not
I don't really feel like anybody

Walkin' in the sun, sun-kissed face",2
Maroon-5,Seasons,Rock,"Ooh, weekend (weekend), oh
Weekend, I'm beggin' you, love
Stay for the weekend
But if you try, weekend
But if you try, weekend
Weekend, no weak links
No weak links, no weekends (weekend, week-end)
Feel like a kid after school on the weekend

I've been livin' it up, try breakin' me down, I'll take it back up
They've been wonderin' where, wonderin' what, I stay in the cut
Don't wanna wait in vain, I'm turnin' the page, I'm learnin' to trust
You're my starlight and moonshine and burnin' sun

I've been livin' it up, try breakin' me down, I'll take it back up
They've been wonderin' where, wonderin' what, I stay in the cut
Don't wanna wait in vain, I'm turnin' the page, I'm learnin' to love
You're my starlight and moonshine and burnin' sun

You wanna leave, I won't stop ya",2
Maroon-5,One Light,Rock,"One light, one light, one light
It's a damned dark world
But it's one light, one light, one light
Long as I'm with you then it's all right
It used to feel like, life was an endless midnight
But now I got one light

Here's to the brokenhearted, yeah
Don't even get me started, yeah
Ain't nobody want to live in this world today (yeah-yeah-yeah-yeah)
Gotta make it through and do whatever it takes

What do I tell my daughters?
How do they get through all this? Ooh
How do I help my brother? How do I save my momma? Ooh
Yeah, when the world go crazy, baby, you always save me
And I don't care what you're gonna say, 'cause I got

One light, one light, one light
It's a damned dark world
But it's one light, one light, one light
Long as I'm with you then it's all right
It used to feel like, life was an endless midnight
But now I got one light",2
Maroon-5,Convince Me Otherwise,Rock,"It's been a minute, it's been some time now
(It's been a minute) whoa
I wanna tell you, I need you right now (I wanna tell you, ooh)

You can't convince me otherwise (convince me)
I know I wouldn't be surprised (surprise me)
If you tried to convince me otherwise, you know I
I can't keep waiting, waiting for you

Oh whoa",2
Maroon-5,Can't Leave You Alone,Rock,"I just can't leave you alone
We keep goin' back and forth, oh
Why can't you just tell me how you're feelin'?
Why can't you admit it?
I told you everything about me

Quick, give me some Novocaine
It's almost like you're pulling me closer to tell me it's over
But I like the change
I know you think that love's temporary

But please don't compare me to
Anybody, anybody, anybody else now, yeah
Tell me you ain't fallin', but I see you on the way down, whoa

I just can't leave you alone
We keep goin' back and forth, oh
Why can't you just tell me how you're feelin'?
Why can't you admit it?
I told you everything about me
I just can't leave you alone
We keep coming back for more, oh
Why can't you just tell me how you're feelin'?",2
Maroon-5,Memories,Roots Rock,"Here's to the ones that we got
Cheers to the wish you were here, but you're not
'Cause the drinks bring back all the memories
Of everything we've been through
Toast to the ones here today
Toast to the ones that we lost on the way
'Cause the drinks bring back all the memories
And the memories bring back, memories bring back you

There's a time that I remember, when I did not know no pain
When I believed in forever, and everything would stay the same
Now my heart feel like December when somebody say your name
'Cause I can't reach out to call you, but I know I will one day, yeah

Everybody hurts sometimes
Everybody hurts someday, ayy-ayy
But everything gon' be alright
Go and raise a glass and say, ayy

Here's to the ones that we got
Cheers to the wish you were here, but you're not
'Cause the drinks bring back all the memories",2
Maroon-5,Memories Remix,Rock,"Here's to the ones that we got
Cheers to the wish you were here, but you're not
'Cause the drinks bring back all the memories
Of everything we've been through
Toast to the ones here today
Toast to the ones that we lost on the way
'Cause the drinks bring back all the memories
And the memories bring back, memories bring back you

Tequila drinkin', double shot, yeah, I need you
I know this life it look nice but it get deeper
I run from reapers, dodge bullets from Glock, Ninas
I live my life tryna prove myself to non-believers, gotta stop that
The devil talkin', I block that
Got some homies in Heaven now, they watch my back
For all this pain, we numb it with champagne
Hunnid bottles in the club, that's a goddamn shame

Everybody hurts sometimes
Everybody hurts someday, ayy-ayy (4Hunnid)
But everything gon' be alright
Go and raise a glass and say, ayy

Here's to the ones that we got
Cheers to the wish you were here, but you're not",2
Maroon-5,Button,Rock,"Rain down like fire
Come push the button and turn me on
Give me good love, switch the siren on
Come push the button and turn me on
Trip, trip this wire
Come push the button and turn me on
Give me good love, switch the siren on
Come push the button and turn me on

I got the stars at my feet
You're one-way letter
I know I'm fallin' too deep
No, it doesn't even matter when I
Wake up in a cold sweat, in a cold sweat
Put your hands on my body
I wanna get right in the green light, in the green light
Come say that you want me now

Rain down like fire
Come push the button and turn me on
Give me good love, switch the siren on
Come push the button and turn me on
Trip, trip this wire
Come push the button and turn me on
Give me good love, switch the siren on",2
Maroon-5,Lifestyle,Rock,"Uh, Jason Derulo
Oh yeah (go)

You shining bright just like Rihanna-na (shine)
Always be fucking on some comma-mas (fuck it up)
Oh girl, we notice your body the coldest
Everybody fall in love, fall in love

I'm a rollin' stone, baby, come on
Tell me what you like every night
Girl, I know you got your own
But you could be mine

You 'bout that lifestyle (lifestyle)
Everybody knows diamonds ain't got nothin' on you, oh, oh
We 'bout that lifestyle (lifestyle)",2
Maroon-5,Makes Me Wonder,Rock,"I wake up, blood-shot eyes
Struggled to memorize
The way it felt between your thighs
Pleasure that made you cry

It feels so good to be bad
Not worth the aftermath, after that, after that
Try to get you back

I still don't have a reason
And you don't have the time
And it really makes me wonder
If I ever gave a fuck about you

Give me something to believe in
'Cause I don't believe in you anymore, anymore
I wonder if it even makes a difference to try
Yeah, so, this is goodbye

God damn, my spinning head
Decisions that made my bed
Now I must lay in it
And deal with things I've left unsaid",2
Imagine-Dragons,My Life (Live in Vegas),Alternative,"Can I wish on a star for another life?
It feels like I'm all on my own tonight
And I find myself in pieces

The pills are on the table and a thought in my head
I walk through the halls where I used to be led
And my heart is filled with reasons

I'm tryin' to be somebody else
I'm findin' it hard to love myself",2
Imagine-Dragons,Believer (Live in Vegas),Alternative,"First things first, I'ma say all the words inside my head
I'm fired up, and tired of the way that things have been, oh (ooh)
The way that things have been, oh (ooh)

Second things second, tell me all the things that you could
At the sail, I'm the master of my sea, oh (ooh)
The master of my sea, oh (ooh)

I was broken from a young age, taking my sulking to the masses
Writing my poems for the few
Who look at me, took to me, shook at me, feelin' me
Singing from heartache from the pain, taking my message from the veins
Speaking my lesson from the brain, seeing the beauty through the, c'mon

(Pain) you made me a, you made me a
Believer, believer
(Pain) you break me down, you build me up
Believer, believer

Pain, let the bullets fly, oh, let them rain
My life, my love, my drive, it came from",2
Imagine-Dragons,"Las Vegas, Our Home (Live in Vegas)",Alternative,"Las Vegas, my home
This city, this city means so much to me
I was born and raised here
R Guild Gray Elementary School, Kenny Guinn Middle School
Bonanza High School, class of 2005",2
Imagine-Dragons,It's Time (Live in Vegas),Alternative,"It's time to begin, isn't it?
I get a little bit bigger
But, then, I'll admit
I'm just the same as I was
Now don't you understand
That I'm never changing who I am?

So this is what you meant when you said that you were spent
And now it's time to build from the bottom of the pit
Right to the top, don't hold back
Packing my bags and giving the academy a rain-check

(Sing for me)
(I don't ever wanna let you down)
I don't ever wanna leave this town (Las Vegas)
'Cause after all
This city never sleeps at night

It's time to begin, isn't it?
I get a little bit bigger
But, then, I'll admit
I'm just the same as I was",2
Imagine-Dragons,I'm So Sorry (Live in Vegas),Alternative,"About time for anyone telling you
Off for all your deeds
No sign, the roaring thunder
Stopped in cold to read (no time)

Get mine and make no excuses
Waste of precious breath (no time)
The sun shines on everyone
Everyone, love yourself to death

So you gotta fire up, you gotta let go
You'll never be loved 'til you've made your own
You gotta face up, you gotta get yours
You never know the top 'til you get too low

A son of a stepfather
A son of a-, I'm so sorry
A son of a stepfather
A son of a-, I'm so sorry",2
Imagine-Dragons,Thunder (Live in Vegas),Alternative,"Will you sing it with me?
Here we go, ready?
Doo, doo, doo
Doo-doo-doo-doo-doo-doo-doo
Come on, Vegas!

Here is the high one
Doo, doo, doo
Doo-doo-doo-doo-doo-doo-doo
Here we go

Hey
Just for you, nobody else
Hey, shh, real slow, let it go
Let it all go, let it all go

Just a young gun with a quick fuse
I was uptight, I wanna let loose
I was dreaming of bigger things, and
I wanna leave my old life behind
Not a ""yes sir,"" I'm not a follower
Fit the box, fit the mold
Have a seat in the foyer, here, take a number
See, I was lightning, c'mon, 'fore the thunder",2
Imagine-Dragons,Birds (Live in Vegas),Alternative,"Two hearts, one valve
Pumpin' the blood, we were the flood
We were the body, and
Two lives, one life
Lookin' it down, lettin' you down
Makin' it right

Seasons, they will change
Life will make you grow
Death will make you cry, cry, cry
Everything is temporary
Everything will slide
Love will never die, die

I know that, ooh, birds fly in different directions
Ooh, I hope to see you again",2
Imagine-Dragons,Follow You (Live in Vegas),Alternative,"I will follow you way down wherever you may go
I'll follow you way down to your deepest low
I'll always be around (wherever life takes you)
You know I'll follow you
Las Vegas

You know I got your number, number all night
I'm always on your team, I got your back alright
Taking those, taking those losses if it treats you right
I want to put you into the spotlight

If the world would only know what you've been holding back
Heart attacks every night
Oh, you know it's not right

I will follow you way down wherever you may go
I'll follow you way down to your deepest low
I'll always be around (wherever life takes you)
You know I'll follow you

Call you up, you've been cryin', cryin' all night",2
Imagine-Dragons,Lonely (Live in Vegas),Alternative,"Are you starting to feel loose?

Sometimes, I can get a little
I can get a little lonely
Sometimes, I can get a little
I can get a little-

Some nights, I get a little lonely
It's even when there's people all around me
Sometimes, I get a little anxious
'Cause these pills don't work the way the doctor played it

I'm startin' to spin, needles and pins
Right on the brim, hand on a limb, takin' it in
Sleep it away, life in a day, and a day in a life
Mixing it up, checkin' it twice
Trying to breathe, starting to seize
Lights, camera, action and scene
Story of my life

Oh, love (sometimes, I can get a little)
Have mercy (I can get a little lonely)
On me (sometimes, I can get a little)
And keep me company (I can get a little lonely)
I said, ""Oh, love"" (sometimes, I can get a little)
""Have mercy"" (I can get a little lonely)
""On me"" (sometimes, I can get a little)
""And keep me company"" (I can get a little lonely)
(I said-)",2
Imagine-Dragons,Natural (Live in Vegas),Alternative,"Deep inside me, I'm fading to black, I'm fading
Took an oath by the blood on my hand, won't break it
I can taste it, the end is upon us, I swear
Gonna make it

Will you hold the line
When every one of them has given up and given in? Tell me
In this house of mine
Nothing ever comes without a consequence or cost, tell me

Will the stars align?
Will heaven step in? Will it save us from our sin, will it?
'Cause this house of mine stands strong
That's the price (you pay)

Leave behind your heart and cast (away)
Just another product of today
Rather be the hunter than (the prey)
And you're standing on the edge face up

'Cause you're a natural
A beating heart of stone
You gotta be so cold
To make it in this world",2
Imagine-Dragons,Next to Me (Acoustic) (Live in Vegas),Alternative,"Something about the way that you walked into my living room
Casually and confident lookin' at the mess I am
But still you, still you want me

Stress lines and cigarettes, politics, and deficits
Late bills and overages, screamin' and hollerin'
But still you, still you want me

Oh, I always let you down
You're shattered on the ground
Still, I find you there
Next to me

Oh, stupid things I do
I'm far from good, it's true
But still, I find you
Next to me",2
Imagine-Dragons,I Bet My Life (Acoustic) (Live in Vegas),Alternative,"I know I took the path
That you would never want for me
I know I let you down, didn't I?
So many sleepless nights
Where you were waiting up on me
See, I'm just a slave unto the night

Now, remember when I told you
That's the last you'll see of me?
Remember when I broke you down to tears? Hey!
I know I took the path
That you would never want for me
See, I gave you hell through all these years
Come on!

So, I, I bet my life
I bet my life
I bet my life on you
Oh, I, I bet my life
I bet my life
I bet my life on you

It's my little guy",2
Imagine-Dragons,One Day (Acoustic) (Live in Vegas),Alternative,"I know that one day I'll be that one
Thing that makes you happy
I know I'll keep you laughin'

Your sun on a cloudy day
The feel of a perfect wave
It's crashin' upon your face
I know that one day

Birds outside will sing me a song tonight
I know that it's right on time, time
(Twee-da-da-da)
Life flies by the moon and the midnight sky
Is guiding me to your side, side

I know that one day I'll be that one",2
Imagine-Dragons,Whatever It Takes (Live in Vegas),Alternative,"We're just getting started Vegas
We got some surprises for you tonight

Falling too fast to prepare for this
Tripping in the world could be dangerous
Everybody circling is vulturous
Negative, nepotist

Everybody waiting for the fall of man
Everybody praying for the end of times
Everybody hoping they could be the one
But I was born to run, I was born for this

Whip, whip, run me like a racehorse
Pull me like a ripcord, break me down and build me up
I wanna be the slip, slip, word upon your lip, lip
Letter that you rip, rip, break me down and build me up

Whatever it takes, oh (oh-oh)
'Cause I love the adrenaline in my veins
I do whatever it takes (oh-oh)
'Cause I love how it feels when I break the chains

I do whatever it takes, oh (oh-oh)
Take me to the top, I'm ready for
Whatever it takes (oh-oh)
'Cause I love the adrenaline in my veins",2
Imagine-Dragons,Younger (Live in Vegas),Alternative,"Las Vegas
May we always be young
May we always be young at heart
May we stay innocent
Even in the city of sin

Seems there's something in the air today
It's got me feeling, oh, a certain way
Seems like lately, I've been on the run
It's got me reeling every night I'm done
Keep thinking, what am I supposed to do?
My body's not working like it used to
And these bills keep piling up on me
Remember when I had no responsibilities

So take me back when I was younger
And I was still hungry, oh-oh
Take me back when I was younger
Yeah, I got the world at my feet
Just try and stop me (just try and stop me)",2
Imagine-Dragons,Sharks (Live in Vegas),Alternative,"Las Vegas
Trouble
Blood is in the rocky waters
Hide away your sons and daughters
Eat you alive

Levels
Better put your head on swivels
Dancing with the very devil
Butter to knife

You think you're better than them
Better than them
You think they're really your friends
Really your friends

But when it comes to the end
To the end
You're just the same as them
Same as them (ha ha ha ha ha)

So let it go, let it go
That's the way that it goes
First you're in, then you're out
Everybody knows

You're hot, then you're cold
You're a light in the dark
Just you wait and you'll see
That you're swimmin' with sharks

He's comin' to get you
(Chick, chicka) woo, woo
He's comin' to get you, get
(Chicka) woo

Drownin', you're seein' doubles",2
Imagine-Dragons,Enemy (Live in Vegas),Alternative,"(Look out for yourself) hey!

I wake up to the sounds of the silence that allows
For my mind to run around with my ear up to the ground
I'm searching to behold the stories that are told
When my back was to the world that was smiling when I turned

Tell you you're the greatest
But once you turn, they hate us

Oh, the misery
Everybody wants to be my enemy
Spare the sympathy
Everybody wants to be my enemy
(Look out for yourself)
My enemy
(Look out for yourself)
But I'm ready

Your words up on the wall as you're praying for my fall
And the laughter in the halls and the names that I've been called
I stack it in my mind, and I'm waiting for the time
When I show you what it's like to be words spit in a mic",2
Imagine-Dragons,I'm Happy (Live in Vegas),Alternative,"Happy, happy, happy, happy
Happy, happy, happy, happy
Happy, happy, happy, happy
Oh!

What's wrong with me?
Is there somebody else inside my head
That doesn't want me to be happy?
I know my rights, I live until I die
I've got this bed
Each night I go to sleep and dream

I'm swimming in the deep end
You're my buoy and I'm sinking
Life flies by me, and I'm thinking
You saved my life and now

I'm happy
'Cause finally I feel I got it all
Started out with nothing at all
And even if I might fall down",2
Imagine-Dragons,Demons (Live in Vegas),Alternative,"When you feel my heat, look into my eyes
It's where my demons hide
(It's where my demons hide)
Don't get too close, it's dark inside
It's where my demons hide
(It's where my demons hide)

Stay with us

The days are cold
And the cards all fold
And the saints we see are all made of gold
Your dreams all fail
And the ones we hail
Are the worst of all, the blood's run stale

I wanna hide the truth
I wanna shelter you
But with the beast inside
There's nowhere we can hide
No matter what we breed
We still are made of greed
This is my kingdom come
(This is my kingdom come)

When you feel my heat, look into my eyes",2
Imagine-Dragons,On Top of the World (Live in Vegas),Alternative,"If you love somebody
Better tell them why they're here, 'cause
They just may run away from you

You'll never know what went well
Then again, it just depends on
How long of time is left for you, you, you, you

I've had the highest mountains
I've had the deepest rivers
You can have it all but life keeps movin'

Take it in but don't look down

'Cause I'm on top of the world, hey
I'm on top of the world, hey
Waiting on this for a while now
I've been paying my dues to the dirt

I've been waiting to smile, hey
Holding it in for a while, hey
Take you with me if I can
I've been dreaming of this since a child

I'm on top of the world

I've tried to cut these corners
Try to take the easy way out
I kept on falling short of something",2
Imagine-Dragons,Bones (Live in Vegas),Alternative,"Gimme, gimme, gimme some time to think
I'm in the bathroom, lookin' at me
Face in the mirror is all I need (ooh)
Wait until the reaper takes my life
Never gonna get me out alive
I will live a thousand million lives (ooh)

My patience is waning
(Is this entertaining?)
My patience is waning
(Is this entertaining?)

I-I-I got this feeling, yeah, you know
Where I'm losing all control
'Cause there's magic in my bones
I-I-I got this feeling in my soul
Go ahead and throw your stones
'Cause there's magic in my bones

Playing with a stick of dynamite
There was never gray in black and white
There was never wrong 'til there was right (ooh, ah-ooh)
Feeling like a boulder hurtling
Seeing all the vultures circling
Burning in the flames I'm working in
Turning in a bed that's darkening

My patience is waning",2
Imagine-Dragons,Radioactive (Live in Vegas),Alternative,"Oh, oh, oh
Oh, oh, oh
Oh, oh, oh
Oh

I'm wakin' up to ash and dust
I wipe my brow and I sweat my rust
I'm breathing in the chemicals (whoa)

I'm breakin' in, shapin' up
Then checking out on the prison bus
This is it, the apocalypse (whoa)

I'm wakin' up, I feel it in my bones
Enough to make my system blow
Welcome to the new age, to the new age
Welcome to the new age, to the new age

(Whoa, oh-oh, whoa, oh)",2
Imagine-Dragons,Walking the Wire / My Life (Live in Vegas),Alternative,"Do you feel the same when I'm away from you? (Ooh-ooh, ooh-ooh)
Do you know the line that I'd walk for you? (Ooh-ooh, ooh-ooh)
We could turn around or we could give it up
But we'll take what comes (take what comes)

And the storm is raging against us now (ooh-ooh, ooh-ooh)
If you're afraid of falling, then don't look down (ooh-ooh, ooh-ooh)
But we took the step, oh, we took the leap
And we'll take what comes (take what comes)

Feel the wind in your hair
Feel the rush way up here

We're walking the wire, love
We're walking the wire, love
We couldn't be higher, up
We're walking the wire, wire, wire

There's nights we had to just walk away (ooh-ooh, ooh-ooh)
And there's tears we'll cry, but those tears will fade (ooh-ooh, ooh-ooh)
It's a price you pay when it comes to love
And we'll take what comes (take what comes)

Feel the wind in your hair
Feel the rush way up here

We're walking the wire, love
We're walking the wire, love
We couldn't be higher, up",2
Imagine-Dragons,Enemy (from the series Arcane League of Legends),Alternative,"Look out for yourself

I wake up to the sounds of the silence that allows
For my mind to run around with my ear up to the ground
I'm searching to behold the stories that are told
When my back is to the world that was smiling when I turned

Tell you, you're the greatest
But once you turn, they hate us

Oh, the misery
Everybody wants to be my enemy
Spare the sympathy
Everybody wants to be my enemy
(Look out for yourself)
My enemy
(Look out for yourself)
But I'm ready

Your words up on the wall as you're praying for my fall
And the laughter in the halls
And the names that I've been called",2
Imagine-Dragons,My Life,Alternative,"Can I wish on a star for another life?
'Cause it feels like I'm all on my own tonight
And I find myself in pieces
There are pills on the table and a thought in my head
And I walk through the halls where I used to be led
My heart is filled with reasons

I'm trying to be somebody else
I'm finding it hard to love myself
I've wanted to be somebody new
But that is impossible to do

I'm running out of my mind
Is this really my life?
I'm running out of time
Is this really my life? My life",2
Imagine-Dragons,Lonely,Alternative,"Sometimes, I can get a little
I can get a little lonely
Sometimes, I can get a little
I can get a little lonely

Some nights, I get a little lonely
It's even when there's people all around me
Sometimes, I get a little anxious
'Cause these pills don't work the way the doctor played it

I'm startin' to spin, needles and pins
Right on the brim, hand on a limb, takin' it in
Sleep it away, life in a day, and a day in a life
Mixing it up, checkin' it twice
Trying to breathe, starting to seize
Lights, camera, action and scene
Story of my life

Oh, love (sometimes, I can get a little)
Have mercy (I can get a little lonely)
On me (sometimes, I can get a little)",2
Imagine-Dragons,Wrecked,Alternative,"Days pass by and my eyes stay dry, and I think that I'm okay
'Til I find myself in conversation, fading away
The way you smile, the way you walk
The time you took to teach me all that you had taught
Tell me, how am I supposed to move on?

These days I'm becoming everything that I hate
Wishing you were around but now it's too late
My mind is a place that I can't escape your ghost

Sometimes I wish that I could wish it all away
One more rainy day without you
Sometimes I wish that I could see you one more day
One more rainy day

Oh, I'm a wreck without you here
Yeah, I'm a wreck since you've been gone
I've tried to put this all behind me
I think I was wrecked all along
Yeah, I'm a wreck",2
Imagine-Dragons,Monday,Alternative,"When you're down on your luck
I take the bass, baby, turn it up
When your face to the floor
I turn the dial, turn it up more, oh-oh-oh

I'm there for you, will ya be there for me, too? Ooh

I believe (I believe) in the cause (in the cause)
I'm pound for pound, baby, turn it on
A million calls will never do, I never get enough of you
I never get enough of you

You are my Monday, you're the best day of the week
So underrated and a brand-new start",2
Imagine-Dragons,#1,Alternative,"Could someone take me home where I'm supposed to be?
I'm on my back again, caught up in something
Could someone take me home? I could use a friendly face
These leeches got to go
Yeah, I need a safe space

When am I gonna learn I've got to let things go?
Watchin' my candle burn, burn

'Cause I know what I'm meant to be
I don't need no one to believe
When it's all been said and done
I'm still my number one
'Cause I know what I'm meant to be
These people might not see
When it's all been said and done
I'm still my number one
Yeah, number one, two, three

You've let me down again, why am I surprised?
I'm on my back again, walkin' in the wind
I know how these things go, ooh-oh, ooh-oh (oh)",2
Imagine-Dragons,Easy Come Easy Go,Alternative,"All my friends are gone, I don't blame them
I guess I'd move on, do the same thing
So I wrote a song to be my lullaby
Sing me to sleep at night, open my third eye

I'm not gon' lie to you, I miss you so much
Tell me what I did wrong to lose touch
I'm not gon' lie to you, this has been a hard year
How I wish that you were here

I just need to let it go, waitin' on a miracle
Guess that's just the way it goes, easy come, easy go
I just need to let it go, turn it down and lay low
It's just the way it goes, easy come, easy go

Sometimes I drive a little too fast
Think I'm runnin' from demons of my past
So I wrote a song to help me slow down
Keep my mind straight, but it's a bit late

I'm not gon' lie to you, I miss you so much
Tell me what I did wrong to lose touch
I'm not gon' lie to you, this has been a hard year
How I wish that you were here",2
Imagine-Dragons,Giants,Alternative,"Take a hit of anything
To escape it all, I'm suffocating
A sharpened blade of reality
Sometimes I wanna hurt me

I know it's hard to hear, but I'm
Waiting for the new year
Don't wanna waste my life chasing white
Try to swim towards the light

Coming up for air in the deepest of the deep ends
I thought I'd learned it all, but boom, the plot thickens
Sleeping with giants, I'm tiptoeing quietly
Feeling it all, it's sobriety

La-la-la-la-la-la-la-la
Got so tired of feeling numb
La-la-la-la-la-la-la-la
Well, take a look what I've become
Sleeping with giants, I'm tiptoeing quietly",2
Imagine-Dragons,It's Ok,Alternative,"She could always hear every word they say
Everybody walks like they just know the way
Every single day, holding back the tears
She'd never say a word 'cause there's nobody that hears

It's okay to be not okay
It's just fine to be out of your mind
Breathe in deep, just a day at a time
'Cause it's okay to be out of your mind, mind

Mine is broken
How is yours?
Sure, it helps to hear the news and political discourse
Fear, that is what he felt",2
Imagine-Dragons,Dull Knives,Alternative,"I'm holding my breath, holding so tight
Nothing is wrong, nothing is right
I'm in the dark, looking for light
Won't someone please save my life?
Inside, I'm a mess, but I don't let it show
I'm just hanging on, but you'd never know
I smile all day, and cry through the night
Won't someone please save my life is fleeting

Dull knives taking my life
A slow burn fire from the inside
Dull knives twisting my spine
They're taking their time, time",2
Imagine-Dragons,Cutthroat,Alternative,"I've been waiting patiently
I built this tower quietly
And when my well of Wellbutrin
Is running dry of serotonin
I can say things I don't mean
Or maybe it's the truth in me
I feel it building, bubbling up
My t-t-time is up

I'm so misunderstood, but I live for this
My money's good and I came to win
So step on up, and I promise you
Only one of us gon' make it out alive and it's not you
(Cutthroat) only one of us
Only one of us gon' make it out alive and it's not you
(Cutthroat) only one of us
Only one of us gon' make it out alive",2
Imagine-Dragons,No Time For Toxic People,Alternative,"The way they look at me
I know exactly
What they talk about
When I'm not around
Got no time for that
As a matter fact
Every day's my birthday
Oh, I hope you heard me

Take a look outside, it's a beautiful day, yeah
Yeah, it's a beautiful day, yeah
I'm gonna keep it that way, that way, ayy
Take a real good look, it's a beautiful day, yeah
Yeah, it's a beautiful day, yeah
I'm gonna keep it that way, that way, ayy

So spend your hours on
What you think I've done wrong",2
Imagine-Dragons,One Day,Alternative,"I know that one day
I'll be that one thing that makes you happy
I know I keep you laughin'
Your sun on a cloudy day
The feel of a perfect wave
Is crashin' upon your face
Yeah, I know that one day, one day

Birds outside
Will sing me a song tonight
I know that it's right on time, time
(Twee-da-da-da)
Life flies by
The moon and the midnight sky's
Guidin' me to your side, side

I know that one day
I'll be that one thing that makes you happy",2
Imagine-Dragons,Bones,Alternative,"Gimme, gimme, gimme some time to think
I'm in the bathroom, looking at me
Face in the mirror is all I need (ooh)
Wait until the reaper takes my life
Never gonna get me out alive
I will live a thousand million lives (ooh)

My patience is waning
Is this entertaining?
Our patience is waning
Is this entertaining?

I-I-I got this feeling, yeah, you know
Where I'm losing all control
'Cause there's magic in my bones
I-I-I got this feeling in my soul
Go ahead and throw your stones
'Cause there's magic in my bones

Playing with a stick of dynamite
There was never gray in black and white
There was never wrong 'til there was right (ooh, ah-ooh)",2
Imagine-Dragons,Symphony,Alternative,"Ever since I was young (coming up, coming up)
Always marching to a drum (bra-da-dum, bra-da-dum)
Always focused on me (one-one, one-one)
Now I wish that I could hold (someone, someone)

So tell my mom I love her, call my baby sister
Should've hugged and kissed her 'cause life is just a mystery
And it's gone before you know it
So if you love me, won't you show it, uh?

'Cause this life is one big symphony
This night is one for you and me
I'm the strings and you're the timpani
You're my constant tambourine
This life is one big symphony
So glad I've got you next to me
I'm the chords and you're the melody
This life's one big symphony",2
Imagine-Dragons,Sharks,Alternative,"Trouble, blood is in the rocky waters
Hide away your sons and daughters
Eat you alive
Levels, better put your head on swivels
Dancing with the very devil
Butter to knife

You think you're better than them, better than them
You think they're really your friends, really your friends
But when it comes to the end, to the end
You're just the same as them, same as them

So let it go, let it go, that's the way that it goes
First, you're in, then you're out, everybody knows
You're hot, then you're cold, you're a light in the dark
Just you wait, and you'll see that you're swimming with sharks

He's coming to get you
Chick-chicka-woo-woo
He's coming to get you
Get you, woo

Bubbles
Drowning, you seeing doubles",2
Imagine-Dragons,I Don't Like Myself,Alternative,"One day, I'll change my ways
'Til then I'm stuck in this space
Shut down and hiding my face
Tuned out and losing my faith

Stand up, tired of being a victim
You only on the outs if you with 'em
Only hurts if you give 'em credence (uh)
Give 'em reasons (uh)
They're not better than you
They're just a figment of imagination

There are times when I don't like myself
I believe all the things that they say about me
I wanna love myself, just like everyone else
But there are times when I don't like myself

This life is beating me down",2
Imagine-Dragons,Blur,Alternative,"I'm always looking for
Something I can't afford
Something to work for
I don't know if it's healthy
Oh God, help me
I wanna be satisfied with what I have

I'm always chasing
Higher placement
This bump is not enough
And when I (hoo) hit the pavement
Oh, don't save me
I'm such a waste of space

I'm always waiting for the weekend
I'm always hoping for a reset
I will be happy when I'm older
Why is everything never good enough for me?
Why is everything never",2
Imagine-Dragons,Higher Ground,Alternative,"I know when my day will come
Go back to the place that I came from
Looking back, will I think that I did the right?
I still don't sleep at night
I got these symphonies
Stuck in my head and they don't leave
Fillin' up the silence with these notes
I don't want them to go

Ghosts follow me around these days
Haunting my head and house
My mind is crazy loud
But I won't give in to it
Take it all in stride

This life is such a ride, I live until I die
I walk into the fire
I'm searching for the higher ground
What a life, I live until I die
Won't fail unless I try
I'm searching for the higher ground",2
Imagine-Dragons,Crushed,Alternative,"I suppose she's supposed to be
Exactly what they want her to be
So pretty and pink, necklace and ring
Don't be heard, just be seen
But that's not who I am

She said, ""I can feel, I can feel too much
And I wish they'd go away, go away
'Cause it's crushing me
It's crushing me""

Don't you know that you don't have a say?
And the scarlet ""A"" on your neck
So pretty in red, eyes are all dead
What they haven't said gets stuck in your head",2
Imagine-Dragons,Take It Easy,Alternative,"Last week I came to you
I didn't know what to do
Yeah, man, sometimes I lie
But sometimes I can tell the truth
I want my money back
Life's one big heart attack
Yeah, man, my throat is dry
Someday everybody's gonna die

Take it easy on me
I need some lullabies
They tell me heaven's just a lie
Well, I'm not surprised
Tell me that you know, no, you don't
Yeah, you're just like me
Can't we just all hope for the best?
Take it easy

Money don't grow on trees",2
Imagine-Dragons,Waves,Alternative,"21 years, she figured it out
She started a job, she's feeling it out
And for once, it feels right
Was feeling like the prime of her life

But all of that is just a dream
Shattered now, and everything's changed
With one car and one night
It's driving through the prime of your life

Took your freedom, there's no reason
Just keep breathing
Time doesn't hear if you ask it to wait

La, da-da-da-da, la, da-da-da-da
So own all your tears and just roll with the waves
La, da-da-da-da, la, da-da-da-da
Life, it could change, it could change in a day
La, da-da-da-da, la, da-da-da-da",2
Imagine-Dragons,I'm Happy,Alternative,"Happy, happy, happy, happy
Happy, happy, happy, happy

What's wrong with me?
Is there somebody else inside my head
That doesn't want me to be happy?
I know my rights, I live until I die
I've got this bed
Each night I go to sleep and dream

I'm swimming in the deep end
You're my buoy and I'm sinking
Life flies by me, but I'm thinking
You saved my life and now

I'm happy
'Cause finally I feel I got it all
Started out with nothing at all
And even when I might fall down
I know my luck come back around",2
Imagine-Dragons,Ferris Wheel,Alternative,"He's never gonna treat you right I'm sure
He's never gonna kiss you like he should
He's never gonna tuck you in at night
You've always been afraid to settle down
And I don't even blame you 'cause look how these boys are now

Promise that I'll make you feel
Like we're on a Ferris Wheel
We're always young and innocent
I promise you when things get hard
Our love will be strong enough
I know we'll last I'm confident

I don't mean to speak in fairy tales",2
Imagine-Dragons,Natural,Indie Rock,"Will you hold the line
When every one of them has given up and given in? Tell me
In this house of mine
Nothing ever comes without a consequence or cost, tell me
Will the stars align?
Will heaven step in? Will it save us from our sin, will it?
'Cause this house of mine stands strong

That's the price you pay
Leave behind your heart and cast away
Just another product of today
Rather be the hunter than the prey

And you're standing on the edge face up
'Cause you're a natural
A beating heart of stone
You gotta be so cold
To make it in this world
Yeah, you're a natural
Living your life cutthroat
You gotta be so cold
Yeah, you're a natural",2
Imagine-Dragons,Boomerang,Alternative,"How many lies do we have to tell?
To keep from saying that I wish you well
How many times I said I'm moving on?
How many times that false alarm goes off (goes off), goes off (goes off)?

I know, I'll see you tomorrow

'Cause I'm bad at letting you go, letting you go
Letting you go, letting you go
Moving on, moving on
Moving on, moving on
I'm ready to go, ready to go
Ready to throw, ready to throw
You're my boomerang, boomerang
You're my boomerang, boomerang

How many tears do we have to cry?
How many sleepless, lonely nights?
To work it out, is it worth it now?",2
Imagine-Dragons,Machine,Alternative,"All my life
I've been sitting at the table
Watching them kids, they're livin' in a fable
Looks, luck, money and never left a'wishin
But now it's about time to raise up and petition

All of my life
I've been sitting at the table
Watching them kids they're livin' in a fable
Looks, luck, money and never left a'wishin
But now it's about time to stand up and petition

'Cause I've been wondering
When you're gonna see I'm not for sale
I've been questioning
When you're gonna see I'm not a part of your machine
Not a part of your machine",2
Imagine-Dragons,Cool Out,Alternative,"Cool out, cool out

Just before I go
Yes, I know that I'm losing control, and
I wanna take things slow
Put my mind in cruise control

I know I'm always pacing
And I blame it on the pressure I'm facing
I wanna take things slow
Put my mind in cruise control

I'm standing on your front porch saying, ""Don't go""
You were looking at me wild, saying, ""Just go home and""

Cool out
'Cause baby, I don't think I'm the one for you
So just, cool out
'Cause baby, I don't think I'm the one for you
So cool out, stay high, stay fresh, play nice
And just, cool out",2
Imagine-Dragons,West Coast,Alternative,"One more day we'll spend together
Let your eyes look up upon me for the better
Oh, I know I'm worse for weather
But my love I won't give up

Spend my days cursing my soul
Wishing I could paint my scars and make me whole
Oh, I know I could be better
But my love I won't give up

I ain't no Superman, I ain't no Holy Ghost
I'm just the one that keeps you up at night, you love the most
I'll be your strong man, I'll be your West Coast
I'll be the sun, I'll be the waves, I'll be the one you love the most",2
Imagine-Dragons,"Zero (From the Original Motion Picture ""Ralph Breaks The Internet"")",Alternative,"I find it hard to say the things I wanna say the most
Find a little bit of steady as I get close
Find a balance in the middle of the chaos
Send me low, send me high, send me never demigod
I remember walking in the cold of November
Hoping that I make it to the end of December
27 years and the end on my mind
But holding to the thought of another time

But looking to the ways of the ones before me
Looking for the path of the young and lonely
I don't wanna hear about what to do
I don't wanna do it just to do it for you

Hello, hello
Let me tell you what it's like to be a zero, zero
Let me show you what it's like to always feel, feel
Like I'm empty and there's nothing really real, real
I'm looking for a way out

Hello, hello
Let me tell you what it's like to be a zero, zero
Let me show you what it's like to never feel, feel
Like I'm good enough for anything that's real, real",2
Imagine-Dragons,Bullet In A Gun,Alternative,"The Roman king, the Romulus, the precipice born to change
The final days, the last appraise Augustus, Nero taking names
I'm high then I'm low, low stop then
I go, go bipolar
Oh, oh yes then I'm no, no
My time will come
I promise that
Pull the trigger back, back
Bullet in a gun
But in the end my time will come
Like a bullet in a gun
Blood, sweat and tears to be the one
Bullet in a gun, gun, gun, gun, gun, gun, gun
Bullet in a gun, gun, gun, gun, gun, gun, gun
Bullet in a gun

To make a name you pay the price",2
Imagine-Dragons,Digital,Alternative,"(You know how we do)

I want a new world without the order
I wanna resurrect and live a little shorter

I want it heavy, I want the fury
I wanna beat it out the judge and the jury

From the outside everything looks right
From the outside, from the outside
From the outside everything looks right
From the outside, from the outside

We are, we are the face of the future
We are, we are the digital heartbeat
We are, we are the face of the future
We don't wanna change, we just wanna change everything

Aye, aye, aye, aye, digital, digital
Aye, aye, aye, aye, digital heartbeat
Aye, aye, aye, aye, digital, digital
We don't wanna change, we just wanna change everything",2
Imagine-Dragons,Only,Alternative,"Oh, pretty baby, you're my motivator
Got me changing my words and my behavior
Pretty lady, you're my operator
Got me dialing your number just to hear ya

Tell me the things that you want
I give you all that I've got
Open your eyes, then you will see

It's just you and me
Only
Throwing out the key
Just living in a dream
It's just you and me
Only
Listen to you breathe
Just living in a dream
It's just you and me

My disaster, you're my only answer
You got me thinking that I could be a master",2
Imagine-Dragons,Stuck,Alternative,"Time goes by and still I am stuck on you
Yeah, time goes by and still I am stuck on you, you

I've been afraid, don't wanna fade out of my body
I've been astray, barely awake, floating above me
Covered in grey, what can I say? I've been a zombie
I'm feeling like I've been locked in a grave

You were the laugh, you were the life, you were the party
You were the brave, I was the weak, you were the army
You were the faith, you were the truth, I was the sorry
I'm feeling like you've been taken away

You were my one, you were my one",2
Imagine-Dragons,Love,Alternative,"It's been a long time comin', comin'
Seeming like we've all been runnin', runnin'
Feeling like the wild west, gunnin', gunnin'
Listen to our elders, shunnin', shunnin'
Flipping on the news beat, talkin', talkin'
All about the problems, shockin', shockin'
We put on our headphones, walkin', walkin'
We put on our headphones

Where did we all go wrong?

Love, love, love
Lo-lo-lo-love, love, love
Lo-lo-lo-love, love, love
Lo-lo-lo-love, love, love
Where did we all, where did we all go wrong?

All we see is faces, color, color
All the other races, other, other
Why can't you just be my brother, brother?
We don't have to kill one another
Kill one another",2
Imagine-Dragons,Birds,Alternative,"Two hearts, one valve
Pumping the blood
We were the flood
We were the body, and

Two lives, one life
Sticking it out
Letting you down
Making it right

Seasons, they will change
Life will make you grow
Dreams will make you cry, cry, cry
Everything is temporary
Everything will slide
Love will never die, die, die

I know that, ooh-ooh-ooh-ooh
Birds fly in different directions
Ooh-ooh-ooh-ooh
I hope to see you again",2
Imagine-Dragons,Burn Out,Alternative,"Patience's only gets you so far
Blood will get you further
Pain will only make your heart hard, tossed in fury's weather
Innocence is beautiful to see
Won't you box it up for me?
For me

Oh, give me strength and give me peace
Does any body out there want to you hear me?

It's just another downpour, don't let it get the best of you
It's only up from the floor, light everything inside of you
Don't burn out, don't burn out on me
Don't burn out, don't burn out on me",2
Imagine-Dragons,Real Life,Alternative,"She says that the world is a broken mess
And it's always on her mind

She cries at the news when the shots ring out
Oh, every single time

And no, I cannot fix it
No, I cannot make it stop

So I said, ""Hey, turn your phone off
Won't you look me in my eye?
Can't we live that real life, real life?
Oh, hey, turn your phone off
Won't you look me in my eye?
Can't we live that real life, real life?""

She prays on her knees as the towers fall
To a God she does not know",2
Imagine-Dragons,Natural,Indie Rock,"Will you hold the line
When every one of them has given up and given in? Tell me
In this house of mine
Nothing ever comes without a consequence or cost, tell me
Will the stars align?
Will heaven step in? Will it save us from our sin, will it?
'Cause this house of mine stands strong

That's the price you pay
Leave behind your heart and cast away
Just another product of today
Rather be the hunter than the prey

And you're standing on the edge face up
'Cause you're a natural
A beating heart of stone
You gotta be so cold
To make it in this world
Yeah, you're a natural
Living your life cutthroat
You gotta be so cold
Yeah, you're a natural",2
Imagine-Dragons,Boomerang,Alternative,"How many lies do we have to tell?
To keep from saying that I wish you well
How many times I said I'm moving on?
How many times that false alarm goes off (goes off), goes off (goes off)?

I know, I'll see you tomorrow

'Cause I'm bad at letting you go, letting you go
Letting you go, letting you go
Moving on, moving on
Moving on, moving on
I'm ready to go, ready to go
Ready to throw, ready to throw
You're my boomerang, boomerang
You're my boomerang, boomerang

How many tears do we have to cry?
How many sleepless, lonely nights?
To work it out, is it worth it now?",2
Imagine-Dragons,Machine,Alternative,"All my life
I've been sitting at the table
Watching them kids, they're livin' in a fable
Looks, luck, money and never left a'wishin
But now it's about time to raise up and petition

All of my life
I've been sitting at the table
Watching them kids they're livin' in a fable
Looks, luck, money and never left a'wishin
But now it's about time to stand up and petition

'Cause I've been wondering
When you're gonna see I'm not for sale
I've been questioning
When you're gonna see I'm not a part of your machine
Not a part of your machine",2
Imagine-Dragons,Cool Out,Alternative,"Cool out, cool out

Just before I go
Yes, I know that I'm losing control, and
I wanna take things slow
Put my mind in cruise control

I know I'm always pacing
And I blame it on the pressure I'm facing
I wanna take things slow
Put my mind in cruise control

I'm standing on your front porch saying, ""Don't go""
You were looking at me wild, saying, ""Just go home and""

Cool out
'Cause baby, I don't think I'm the one for you
So just, cool out
'Cause baby, I don't think I'm the one for you
So cool out, stay high, stay fresh, play nice
And just, cool out",2
Imagine-Dragons,West Coast,Alternative,"One more day we'll spend together
Let your eyes look up upon me for the better
Oh, I know I'm worse for weather
But my love I won't give up

Spend my days cursing my soul
Wishing I could paint my scars and make me whole
Oh, I know I could be better
But my love I won't give up

I ain't no Superman, I ain't no Holy Ghost
I'm just the one that keeps you up at night, you love the most
I'll be your strong man, I'll be your West Coast
I'll be the sun, I'll be the waves, I'll be the one you love the most",2
Imagine-Dragons,"Zero (From the Original Motion Picture ""Ralph Breaks The Internet"")",Alternative,"I find it hard to say the things I wanna say the most
Find a little bit of steady as I get close
Find a balance in the middle of the chaos
Send me low, send me high, send me never demigod
I remember walking in the cold of November
Hoping that I make it to the end of December
27 years and the end on my mind
But holding to the thought of another time

But looking to the ways of the ones before me
Looking for the path of the young and lonely
I don't wanna hear about what to do
I don't wanna do it just to do it for you

Hello, hello
Let me tell you what it's like to be a zero, zero
Let me show you what it's like to always feel, feel
Like I'm empty and there's nothing really real, real
I'm looking for a way out

Hello, hello
Let me tell you what it's like to be a zero, zero
Let me show you what it's like to never feel, feel
Like I'm good enough for anything that's real, real",2
Imagine-Dragons,Bullet In A Gun,Alternative,"The Roman king, the Romulus, the precipice born to change
The final days, the last appraise Augustus, Nero taking names
I'm high then I'm low, low stop then
I go, go bipolar
Oh, oh yes then I'm no, no
My time will come
I promise that
Pull the trigger back, back
Bullet in a gun
But in the end my time will come
Like a bullet in a gun
Blood, sweat and tears to be the one
Bullet in a gun, gun, gun, gun, gun, gun, gun
Bullet in a gun, gun, gun, gun, gun, gun, gun
Bullet in a gun

To make a name you pay the price",2
Imagine-Dragons,Digital,Alternative,"(You know how we do)

I want a new world without the order
I wanna resurrect and live a little shorter

I want it heavy, I want the fury
I wanna beat it out the judge and the jury

From the outside everything looks right
From the outside, from the outside
From the outside everything looks right
From the outside, from the outside

We are, we are the face of the future
We are, we are the digital heartbeat
We are, we are the face of the future
We don't wanna change, we just wanna change everything

Aye, aye, aye, aye, digital, digital
Aye, aye, aye, aye, digital heartbeat
Aye, aye, aye, aye, digital, digital
We don't wanna change, we just wanna change everything",2
Imagine-Dragons,Only,Alternative,"Oh, pretty baby, you're my motivator
Got me changing my words and my behavior
Pretty lady, you're my operator
Got me dialing your number just to hear ya

Tell me the things that you want
I give you all that I've got
Open your eyes, then you will see

It's just you and me
Only
Throwing out the key
Just living in a dream
It's just you and me
Only
Listen to you breathe
Just living in a dream
It's just you and me

My disaster, you're my only answer
You got me thinking that I could be a master",2
Imagine-Dragons,Stuck,Alternative,"Time goes by and still I am stuck on you
Yeah, time goes by and still I am stuck on you, you

I've been afraid, don't wanna fade out of my body
I've been astray, barely awake, floating above me
Covered in grey, what can I say? I've been a zombie
I'm feeling like I've been locked in a grave

You were the laugh, you were the life, you were the party
You were the brave, I was the weak, you were the army
You were the faith, you were the truth, I was the sorry
I'm feeling like you've been taken away

You were my one, you were my one",2
Imagine-Dragons,Love,Alternative,"It's been a long time comin', comin'
Seeming like we've all been runnin', runnin'
Feeling like the wild west, gunnin', gunnin'
Listen to our elders, shunnin', shunnin'
Flipping on the news beat, talkin', talkin'
All about the problems, shockin', shockin'
We put on our headphones, walkin', walkin'
We put on our headphones

Where did we all go wrong?

Love, love, love
Lo-lo-lo-love, love, love
Lo-lo-lo-love, love, love
Lo-lo-lo-love, love, love
Where did we all, where did we all go wrong?

All we see is faces, color, color
All the other races, other, other
Why can't you just be my brother, brother?
We don't have to kill one another
Kill one another",2
Imagine-Dragons,I Dont Know Why,Alternative,"We could be strangers in the night
We could be passing in the shadows
We couldn't be closer if we tried
When we're caught in the headlights

We could be faces in the crowd
We could be passing in the shadows
Loving the risk of being found
When we're caught in the headlights

Dangerous
Your love is always dangerous
And now I'm lost in us
We're living in a lie of trust

I don't know why
But I guess it's got something to do with you
To do with you
I don't know why
But I guess it's got something to do with you
To do with you",2
Imagine-Dragons,Rise Up,Alternative,"I was hoping for an indication
I was seeking higher elevation
(Aye-aye-aye, aye-aye-aye)
I've been shaken, waking in the night light
I've been breaking, hiding from the spotlight
(Aye-aye-aye, aye-aye-aye)

The more I stray, the less I fear
And the more I reach, the more I fade away
The darkness right in front of me
Oh, it's calling out, and I won't walk away

I would always open up the door
Always looking up for higher floors
Want to see it all, give me more (rise, rise up)
I was always up for making changes
Walking down the street meeting strangers
Flipping through my life, turning pages (rise, rise up)

Like a prayer that only needs a reason",2
Imagine-Dragons,Ill Make It Up To You,Alternative,"Took your heart, took your hand
Promise you all that I had
Hoping that you understand
Far from a perfect man

'Cause, honey, it's been a hard year
It seems like we're going nowhere
Crying inside your bedroom
Baby, I know it's not fair

Lay with me for one more night
I promise you, I'll make it right

I'll make it up to you, you, you
Every night, I'll make it up to you, you, you",2
Imagine-Dragons,Yesterday,Alternative,"Here's to my future
Here's to my yesterday
Here's to change
Oh, here's to my yesterday
No tomorrow without a yesterday
Here's to my future
Goodbye to yesterday

All these years I've been searching
For who I'm supposed to be
All this time I've been wasting
'Cause I was right in front of me

Oh, it's a crooked old tradition
By a masterful magician
But in all this trouble I've met
I haven't got one single regret, no

Here's to my future
Here's to my yesterday
Here's to change
Oh, here's to my yesterday",2
Imagine-Dragons,Mouth Of The River,Alternative,"(Woah, now)

On the mouth of the river
(Woah, now)
On the mouth of the river
(Woah, now)
(Woah, now)
On the mouth of the river

I wanna live a life like that
Live the life of the faithful one
Wanna bow to the floor
With everybody else
Wanna be someone

I wanna make some love
I don't want no enemies
Oh, it's a curse of the man
Always living life, living live
Living just to please

Oh, the mouth of the river
And the wrath of the giver
With the hands of a sinner
Oh, the mouth of the river
(Woah, now)

Oh, the mouth of the river
(Woah, now)
And the wrath of the giver
(Woah, now)
With the hands of a sinner
(Woah, now)",2
Imagine-Dragons,Start Over,Alternative,"Clenched teeth, no words
All this distance taking its toll
Speaking volumes
Silence screaming over your words
I never did you right, I know that
Too many sleepless nights, I own that
I said it time and time, I know that
I wanna try again

Can we start over?
Can we start over?
Can we start over?
Before it's over, over?

Cold nights, cold sheets
One more lonely empty hotel room",2
Imagine-Dragons,Dancing In The Dark,Alternative,"Don't throw my name 'round here like that
You could get us in some trouble
Talking that way and
Monday you got me, that's a fact
You could get me in some trouble
Talking that way and
I don't need nobody

If you ever wanna join me
Baby, I'll be dancing in the dark

If you ever wanna join me
Baby, I'll be dancing in the dark

Dancing in the
Join me
Dancing in the
Join me baby",2
The-Beatles,Get Back (Rooftop Performance / Take 1),Rock,"All cameras, take one!
Uh, where's the best way out of the way?
Over there, I think, with Maureen
I'll just sit here

Jojo was a man

Yeah!

Jojo was a man who thought he was a loner
But he knew it couldn't last
Jojo left his home in Tucson, Arizona
For some California grass

Get back, ooh, get back
Get back to where you once belonged
Get back, ooh, get back
Get back to where you once belonged
Get back, Jojo

Go home",2
The-Beatles,Get Back (Rooftop Performance / Take 2),Rock,"One, two, three, four!

Jojo was a man who thought he was a loner
But he knew it couldn't last
Jojo left his home in Tucson, Arizona
For some California grass

Get back, get back
Get back to where you once belonged
Get back, get back
Get back to where you once belonged
Get back, Jojo

Go home
Yeah",2
The-Beatles,Don't Let Me Down (Rooftop Performance / Take 1),Rock,"Don't let me down
One, two, three, four

Don't let me down
Don't let me down
Don't let me down
Don't let me down

Nobody ever loved me like she does
Ooh, she does
Yes, she does
And if somebody loved like she does
Ooh, she does
Yes, she does",2
The-Beatles,I've Got A Feeling (Rooftop Performance / Take 1),Rock,"I've got a feeling, a feeling deep inside, oh-yeah
(Oh-yeah) (that's right)
I've got a feeling, a feeling I can't hide
Oh-no, no, oh-no! Oh-no
Yeah, yeah! I've got a feeling, yeah!
Ooh!

Oh please, believe me, I'd hate to miss the train
Oh-yeah (yeah), oh-yeah!
And if you leave me, I won't be late again
Oh-no, oh-no! Oh-no
Yeah, yeah! I've got a feeling, yeah!
I've got a feeling

All these years I've been wandering around
Wondering how come nobody told me
All that I was looking for was somebody who looked like you!",2
The-Beatles,One After 909 (Rooftop Performance),Rock,"My baby says, ""She's trav'ling on the one after 909""
I said, ""Move over honey, I'm travelling on that line""

I said, ""Move over once, move over twice""
C'mon baby, don't be cold as ice!
Said, ""I'm trav'ling on the one after 909""

I begged her not to go and I begged her on my bended knee
You're only fooling 'round, you're fooling 'round with me

I said, ""Move over once, move over twice""
C'mon baby, don't be cold as ice!
Said, ""I'm trav'ling on the one after 909""

I got my bag
Run to the station",2
The-Beatles,Dig A Pony (Rooftop Performance),Rock,"All I want is

I dig a pony
Well, you can celebrate anything you want
Yes, you can celebrate anything you want
Oh!

I do a road hog
Well, you can penetrate any place you go
Yes, you can penetrate any place you go
I told you so

All I want is you
Everything has got to be just like you want it to
Because",2
The-Beatles,I've Got A Feeling (Rooftop Performance / Take 2),Rock,"Glyn? (Running, okay, running, running)

Okay, are you ready on the-?

Okay, ready, are you Glyn?

I've got a feeling, a feeling deep inside
Oh-yeah (oh-yeah)
I've got a feeling, a feeling I can't hide
No-no (no) oh-no!
No-no
Yeah, yeah! I've got a feeling!

Oh, please, believe me, I'd hate to miss the train
Oh-yeah, oh-yeah!
And if you leave me, I won't be late again
No-no
Oh-no!
(Oh-no) no, yeah! I've got a feeling, yeah!",2
The-Beatles,Don't Let Me Down (Rooftop Performance / Take 2),Rock,"(Don't let me down)
(You too)
(Woo!)

Don't let me down
Don't let me down
Don't let me down (woo)
Don't let me down

Girl, for first time that she really loved me
Ooh, she loved me
Yeah, she does
And if somebody ever really loved me
Ooh, she loves me
Yes, she does",2
The-Beatles,Get Back (Rooftop Performance / Take 3),Rock,"Jojo was a man who thought he was a loner
But he knew it couldn't last
Jojo left his home in Tucson, Arizona
For some California grass

Get back, get back
Get back to where you once belonged
Get back
Get back to where you once belonged
Get back, Jojo, yeah

Get back
Get back to where you once belonged
Get back (woo), get back
Get back to where you once belonged
Get back, Jo

Oh, yeah, get back
Woo, hey",2
The-Beatles,"Hello! (Live At The BBC For ""Pop Go The Beatles"" / 25th June, 1963)",Rock,"You say, ""Yes"", I say, ""No""
You say, ""Stop"" and I say, ""Go, go, go""
Oh, no!

You say, ""Goodbye"" and I say, ""Hello, hello, hello""
I don't know why you say, ""Goodbye"", I say, ""Hello, hello, hello""
I don't know why you say, ""Goodbye"", I say, ""Hello""

I say, ""High"", you say, ""Low""
You say, ""Why?""
And I say, ""I don't know""
Oh, no!

You say, ""Goodbye"" and I say, ""Hello, hello, hello"" (hello goodbye, hello goodbye, hello goodbye)",2
The-Beatles,Because,Psychedelic,"Aah
Because the world is round
It turns me on
Because the world is round

Aah",2
The-Beatles,I Am The Walrus,Rock,"I am he as you are he as you are me
And we are all together
See how they run like pigs from a gun
See how they fly
I'm crying

Sitting on a corn flake
Waiting for the van to come
Corporation T-shirt, stupid bloody Tuesday
Man you've been a naughty boy
You let your face grow long

I am the egg man
They are the egg men
I am the walrus
Goo-goo-g'joob

Mister City policeman sitting
Pretty little policemen in a row
See how they fly like Lucy in the sky, see how they run
I'm crying, I'm crying
I'm crying, I'm crying

Yellow matter custard
Dripping from a dead dog's eye
Crabalocker fishwife, pornographic priestess
Boy, you've been a naughty girl, you let your knickers down

I am the egg man
They are the egg men
I am the walrus",2
The-Beatles,I Want To Hold Your Hand,Rock,"Oh yeah, I'll tell you somethin'
I think you'll understand
When I say that somethin'
I want to hold your hand

I want to hold your hand
I want to hold your hand

Oh please, say to me
You'll let me be your man
And please, say to me
You'll let me hold your hand

Now let me hold your hand",2
The-Beatles,Help!,British Invasion,"Help
I need somebody
(Help) not just anybody
(Help) you know I need someone
(Help)

When I was younger, so much younger than today
(I never need) I never needed anybody's help in any way
(Now) but now these days are gone (these days are gone)
I'm not so self-assured
(And now I find) now I find I've changed my mind
And opened up the doors

Help me if you can, I'm feeling down",2
The-Beatles,Lucy In The Sky With Diamonds,Arena Rock,"Picture yourself in a boat on a river
With tangerine trees and marmalade skies
Somebody calls you, you answer quite slowly
A girl with kaleidoscope eyes

Cellophane flowers of yellow and green
Towering over your head
Look for the girl with the sun in her eyes
And she's gone

Lucy in the sky with diamonds
Lucy in the sky with diamonds
Lucy in the sky with diamonds (ahh)",2
The-Beatles,Octopus's Garden,Arena Rock,"I'd like to be
Under the sea
In an octopus' garden
In the shade

He'd let us in
Knows where we've been
In his octopus' garden
In the shade

I'd ask my friends
To come and see
An octopus' garden
With me

I'd like to be
Under the sea
In an octopus' garden
In the shade

We would be warm
Below the storm",2
The-Beatles,Back In The U.S.S.R,Hard Rock,"Well, yeah
Woo!
Ooh

Flew in from Miami Beach B.O.A.C
Didn't get to bed last night
On the way the paper bag was on my knee
Man, I had a dreadful flight

I'm back in the U.S.S.R
You don't know how lucky you are, boy
Back in the U.S.S.R

Been away so long, I hardly knew the place
Gee, it's good to be back home
Leave it 'til tomorrow to unpack my case
Honey, disconnect the phone

I'm back in the U.S.S.R
You don't know how lucky you are, boy
Back in the U.S",2
The-Beatles,A Day In The Life,Rock,"I read the news today, oh boy
About a lucky man who made the grade
And though the news was rather sad
Well, I just had to laugh
I saw the photograph

He blew his mind out in a car
He didn't notice that the lights had changed
A crowd of people stood and stared
They'd seen his face before
Nobody was really sure if he was from the House of Lords

I saw a film today, oh, boy
The English Army had just won the war",2
The-Beatles,Hey Jude,Rock,"Hey Jude, don't make it bad
Take a sad song and make it better
Remember to let her into your heart
Then you can start to make it better

Hey Jude, don't be afraid
You were made to go out and get her
The minute you let her under your skin
Then you begin to make it better

And anytime you feel the pain, hey Jude, refrain
Don't carry the world upon your shoulders
For well you know that it's a fool who plays it cool
By making his world a little colder
Na-na-na-na-na
Na-na-na-na

Hey Jude, don't let me down
You have found her, now go and get her
(Let it out and let it in)
Remember (hey Jude) to let her into your heart
Then you can start to make it better

So let it out and let it in, hey Jude, begin
You're waiting for someone to perform with
And don't you know that it's just you, hey Jude, you'll do",2
The-Beatles,Sgt. Pepper's Lonely Hearts Club Band (Reprise),Rock & Roll,"One, two, three, four

We're Sergeant Pepper's Lonely Hearts Club Band
We hope you have enjoyed the show
Sergeant Pepper's Lonely Hearts Club Band
We're sorry, but it's time to go",2
The-Beatles,Let It Be (Naked Version / Remastered 2013),Arena Rock,"When I find myself in times of trouble
Mother Mary comes to me
Speaking words of wisdom, let it be
And in my hour of darkness
She is standing right in front of me
Speaking words of wisdom, let it be

Let it be, let it be
Let it be, let it be
Whisper words of wisdom, let it be

And when the broken-hearted people
Living in the world agree
There will be an answer, let it be",2
The-Beatles,I Want To Hold Your Hand (Remastered 2015),Rock,"Oh yeah, I'll tell you somethin'
I think you'll understand
When I say that somethin'
I want to hold your hand

I want to hold your hand
I want to hold your hand

Oh please, say to me
You'll let me be your man
And please, say to me
You'll let me hold your hand

Now let me hold your hand",2
The-Beatles,I Feel Fine (Remastered 2015),Rock,"Baby's good to me, you know
She's happy as can be, you know
She said so

I'm in love with her and I feel fine

Baby says she's mine, you know
She tells me all the time, you know
She said so

I'm in love with her and I feel fine",2
The-Beatles,Eight Days A Week (Remastered 2015),Rock,"Ooh I need your love babe,
Guess you know it's true.
Hope you need my love babe,
Just like I need you.

Hold me, love me, hold me, love me.
I ain't got nothin' but love babe,
Eight days a week.

Love you ev'ry day girl,
Always on my mind.
One thing I can say girl,
Love you all the time.

Hold me, love me, hold me, love me.
I ain't got nothin' but love girl,",2
The-Beatles,Ticket To Ride (Remastered 2015),Rock,"I think I'm gonna be sad
I think it's today, yeah
The girl that's driving me mad
Is going away

She's got a ticket to ride
She's got a ticket to ride
She's got a ticket to ride
But she don't care

She said that living with me
Is bringing her down, yeah
For she would never be free
When I was around

She's got a ticket to ride
She's got a ticket to ride
She's got a ticket to ride
But she don't care

I don't know why she's riding so high",2
The-Beatles,Help! (Remastered 2015),British Invasion,"Help
I need somebody
(Help) not just anybody
(Help) you know I need someone
(Help)

When I was younger, so much younger than today
(I never need) I never needed anybody's help in any way
(Now) but now these days are gone (these days are gone)
I'm not so self-assured
(And now I find) now I find I've changed my mind
And opened up the doors

Help me if you can, I'm feeling down",2
The-Beatles,Yellow Submarine (Remastered 2015),Rock,"In the town where I was born
Lived a man who sailed to sea
And he told us of his life
In the land of submarines

So we sailed on to the sun
'Til we found a sea of green
And we lived beneath the waves
In our yellow submarine

We all live in a yellow submarine
Yellow submarine, yellow submarine
We all live in a yellow submarine
Yellow submarine, yellow submarine

And our friends are all aboard",2
The-Beatles,Eleanor Rigby (Remastered 2015),Folk-Rock,"Ah, look at all the lonely people
Ah, look at all the lonely people

Eleanor Rigby
Picks up the rice in the church where a wedding has been
Lives in a dream
Waits at the window
Wearing the face that she keeps in a jar by the door
Who is it for?

All the lonely people
Where do they all come from?
All the lonely people
Where do they all belong?",2
The-Beatles,All You Need Is Love (Remastered 2015),British Invasion,"Love, Love, Love
Love, Love, Love
Love, Love, Love

There is nothing you can do that can't be done
Nothing you can sing that can't be sung
Nothing you can say
But you can learn how to play the game
It's easy

Nothing you can make that can be made
No one who can save that can't be saved
Nothing you can do
But can learn to be you in time
It's easy

All You Need Is Love",2
The-Beatles,"Hello, Goodbye (Remastered 2015)",Rock,"You say, ""Yes"", I say, ""No""
You say, ""Stop"" and I say, ""Go, go, go""
Oh, no!

You say, ""Goodbye"" and I say, ""Hello, hello, hello""
I don't know why you say, ""Goodbye"", I say, ""Hello, hello, hello""
I don't know why you say, ""Goodbye"", I say, ""Hello""

I say, ""High"", you say, ""Low""
You say, ""Why?""
And I say, ""I don't know""
Oh, no!

You say, ""Goodbye"" and I say, ""Hello, hello, hello"" (hello goodbye, hello goodbye, hello goodbye)",2
The-Beatles,Hey Jude (Remastered 2015),Rock,"Hey Jude, don't make it bad
Take a sad song and make it better
Remember to let her into your heart
Then you can start to make it better

Hey Jude, don't be afraid
You were made to go out and get her
The minute you let her under your skin
Then you begin to make it better

And anytime you feel the pain, hey Jude, refrain
Don't carry the world upon your shoulders
For well you know that it's a fool who plays it cool
By making his world a little colder
Na-na-na-na-na
Na-na-na-na

Hey Jude, don't let me down
You have found her, now go and get her
(Let it out and let it in)
Remember (hey Jude) to let her into your heart
Then you can start to make it better

So let it out and let it in, hey Jude, begin
You're waiting for someone to perform with
And don't you know that it's just you, hey Jude, you'll do",2
Coldplay,Brothers & Sisters,Alternative,"Brothers and sisters unite
It's the time of your lives
It's the time of your lives
Break down, break down
Gotta spread love around
Gotta spread it around

Brothers and sisters feel fine
It's the time of your lives
It's the time of your lives
No sound, no sound
Like this feeling you've found
Like this feeling you've found

But just stay down",2
Coldplay,Easy To Please,Alternative,"Love, I hope we get on
I hope we can find a way
Of seeing it all
Love, I hope we can be
I hope I can find a way",2
Coldplay,Only Superstition,Alternative,"A cardboard head I see
Has found its way to me
It's out, and it's out, and it's out
Making me cry
I sleep, but I will not move
I'm too scared to leave my room
But I won't be defeated, oh no

What if cards don't go my way
Then it's sure to spoil my day
But in voices loud and clear
You say to me
It's only superstition",2
